Chat List|Список Чатів
Message id|Номер Листа
User Name|Ім`я користувача
Title|Заголовок
Message|Повідомлення
Created At|Дата створення
Message length must be not less then 2 characters!|Повідомлення має містити мінімум 2 символи!
Name must be from 2 to 140 chars!|Імя має бути від 2 до 140 символів!
Title must be from 10 to 140 chars!|Заголовок має бути від 10 до 140 символів!